num_qubits,depth,depth_multiplier,entanglement,noise_type,error_rate,observable_name,x_noisy,x_ideal
4,2,1,linear,depolarizing,0.001,ZZZZ,-0.30480176624749106,-0.31943475666994253
4,2,1,linear,depolarizing,0.005,ZZZZ,-0.0004796163370683823,-0.0005504085760912047
4,2,1,linear,depolarizing,0.01,ZZZZ,-0.16752244034216124,-0.29533822830234574
4,2,1,linear,depolarizing,0.02,ZZZZ,-0.0008426715879976537,-0.014944098065106569
4,2,1,linear,depolarizing,0.05,ZZZZ,-0.001806594880261768,-0.27339263142808895
4,2,1,linear,amplitude_damping,0.001,ZZZZ,-0.0076343216372550815,-0.007481533502007087
4,2,1,linear,amplitude_damping,0.005,ZZZZ,-0.007451589120792579,-0.008701413927457935
4,2,1,linear,amplitude_damping,0.01,ZZZZ,-0.12334756655457606,-0.1294676869487979
4,2,1,linear,amplitude_damping,0.02,ZZZZ,0.44605470657508206,0.5321361045211621
4,2,1,linear,amplitude_damping,0.05,ZZZZ,0.02871335872165644,0.034453709780853985
4,2,1,full,depolarizing,0.001,ZZZZ,0.730887130845756,0.7724236038889146
4,2,1,full,depolarizing,0.005,ZZZZ,-0.00690738431969104,-0.013750627648625224
4,2,1,full,depolarizing,0.01,ZZZZ,-0.12490491020759306,-0.5076263842399151
4,2,1,full,depolarizing,0.02,ZZZZ,-0.07433542658127436,-0.24594704007879484
4,2,1,full,depolarizing,0.05,ZZZZ,0.001956023827633685,0.015832237973750996
4,2,1,full,amplitude_damping,0.001,ZZZZ,0.10135170289026812,0.10238107721378585
4,2,1,full,amplitude_damping,0.005,ZZZZ,-0.14938825890020843,-0.14938825890020854
4,2,1,full,amplitude_damping,0.01,ZZZZ,0.04876456614635378,0.04764959843241913
4,2,1,full,amplitude_damping,0.02,ZZZZ,-0.04852498501596214,-0.04726973569437401
4,2,1,full,amplitude_damping,0.05,ZZZZ,-0.01978477857821486,-0.03783051680122565
4,2,1,circular,depolarizing,0.001,ZZZZ,0.8225773802123547,0.8511561199046794
4,2,1,circular,depolarizing,0.005,ZZZZ,0.11258432943946774,0.22270406324454742
4,2,1,circular,depolarizing,0.01,ZZZZ,0.011726128996800835,0.04859469145476152
4,2,1,circular,depolarizing,0.02,ZZZZ,0.03337398422166152,0.17312450484492764
4,2,1,circular,depolarizing,0.05,ZZZZ,0.001096743920320678,-0.05372985576308677
4,2,1,circular,amplitude_damping,0.001,ZZZZ,-0.25306907230088194,-0.253069072300882
4,2,1,circular,amplitude_damping,0.005,ZZZZ,0.05537835452482065,0.060126075486228
4,2,1,circular,amplitude_damping,0.01,ZZZZ,0.29061332031749204,0.30833550615203387
4,2,1,circular,amplitude_damping,0.02,ZZZZ,0.2109358909530622,0.21093589095306237
4,2,1,circular,amplitude_damping,0.05,ZZZZ,-0.2264308630115689,-0.2264308630115689
4,4,1,linear,depolarizing,0.001,ZZZZ,-0.28398767452573104,-0.30132073676239307
4,4,1,linear,depolarizing,0.005,ZZZZ,0.019051439956627517,0.07931794693892796
4,4,1,linear,depolarizing,0.01,ZZZZ,-0.1666064765181019,-0.49088594809234287
4,4,1,linear,depolarizing,0.02,ZZZZ,0.01599915820951727,0.14674311559548625
4,4,1,linear,depolarizing,0.05,ZZZZ,-0.02801288401097609,-0.1732089066865879
4,4,1,linear,amplitude_damping,0.001,ZZZZ,-0.009285372397104776,-0.009285372397104707
4,4,1,linear,amplitude_damping,0.005,ZZZZ,-0.1030622290230081,-0.11128336648316416
4,4,1,linear,amplitude_damping,0.01,ZZZZ,0.0981913467779074,0.1088074040465499
4,4,1,linear,amplitude_damping,0.02,ZZZZ,0.028188286394862955,0.027944021590429496
4,4,1,linear,amplitude_damping,0.05,ZZZZ,0.14190120406156717,0.14190120406156725
4,4,1,full,depolarizing,0.001,ZZZZ,0.006373393599095653,0.007996997142225848
4,4,1,full,depolarizing,0.005,ZZZZ,0.12540572673397532,0.37136087534306783
4,4,1,full,depolarizing,0.01,ZZZZ,-0.007323516626968105,-0.12856121011405855
4,4,1,full,depolarizing,0.02,ZZZZ,-0.02573179795632033,-0.06809592768123388
4,4,1,full,depolarizing,0.05,ZZZZ,-3.0115910187727968e-06,-0.05698774703258859
4,4,1,full,amplitude_damping,0.001,ZZZZ,0.18395109574761118,0.18395109574761132
4,4,1,full,amplitude_damping,0.005,ZZZZ,0.0006375991387722463,0.006514001643393552
4,4,1,full,amplitude_damping,0.01,ZZZZ,0.14118932352462374,0.1451771628052702
4,4,1,full,amplitude_damping,0.02,ZZZZ,-0.5390388008983082,-0.5390388008983081
4,4,1,full,amplitude_damping,0.05,ZZZZ,0.02023234262714909,-0.0317978888420747
4,4,1,circular,depolarizing,0.001,ZZZZ,-0.012416928595238408,-0.01625534200617232
4,4,1,circular,depolarizing,0.005,ZZZZ,0.09984171233512852,0.18578641521005268
4,4,1,circular,depolarizing,0.01,ZZZZ,-0.03510798573485647,-0.14518556688527123
4,4,1,circular,depolarizing,0.02,ZZZZ,0.02510268153645205,0.06531579851581024
4,4,1,circular,depolarizing,0.05,ZZZZ,0.04932567339576112,0.4521656131012113
4,4,1,circular,amplitude_damping,0.001,ZZZZ,0.011266993204932567,0.011309682055089691
4,4,1,circular,amplitude_damping,0.005,ZZZZ,-0.021930790197154784,-0.02550227900066532
4,4,1,circular,amplitude_damping,0.01,ZZZZ,0.043173729594798704,0.043173729594798926
4,4,1,circular,amplitude_damping,0.02,ZZZZ,-0.034286789043162055,-0.027398309430076748
4,4,1,circular,amplitude_damping,0.05,ZZZZ,-0.031264716766642574,-0.0022995977357709984
4,6,1,linear,depolarizing,0.001,ZZZZ,-0.08455006366527396,-0.10261356774231542
4,6,1,linear,depolarizing,0.005,ZZZZ,0.14994175186526115,0.24001353240401344
4,6,1,linear,depolarizing,0.01,ZZZZ,-0.002169232721775473,-0.12256042800778409
4,6,1,linear,depolarizing,0.02,ZZZZ,-0.02429706945218054,-0.18986145426702464
4,6,1,linear,depolarizing,0.05,ZZZZ,-0.0023993138535563993,0.10835430754248464
4,6,1,linear,amplitude_damping,0.001,ZZZZ,-0.02182050253030028,-0.021820502530299976
4,6,1,linear,amplitude_damping,0.005,ZZZZ,-0.2735649938103967,-0.27356499381039656
4,6,1,linear,amplitude_damping,0.01,ZZZZ,0.08391020510968096,0.10281079088798133
4,6,1,linear,amplitude_damping,0.02,ZZZZ,-0.09900947150832318,-0.20216621978550894
4,6,1,linear,amplitude_damping,0.05,ZZZZ,0.1075532926173137,0.23374443002820283
4,6,1,full,depolarizing,0.001,ZZZZ,0.05926494454269582,0.08765611277719866
4,6,1,full,depolarizing,0.005,ZZZZ,0.03406314719384819,0.2625782380769748
4,6,1,full,depolarizing,0.01,ZZZZ,-0.03355720668852161,-0.06969634304984829
4,6,1,full,depolarizing,0.02,ZZZZ,-1.6299682718337594e-06,-0.004786008732052472
4,6,1,full,depolarizing,0.05,ZZZZ,4.274194865282188e-06,0.08902706486946355
4,6,1,full,amplitude_damping,0.001,ZZZZ,-0.2796770333939373,-0.2829558182789992
4,6,1,full,amplitude_damping,0.005,ZZZZ,0.11093057313993851,0.12720150203539266
4,6,1,full,amplitude_damping,0.01,ZZZZ,0.0017344701156267739,0.003408100658627941
4,6,1,full,amplitude_damping,0.02,ZZZZ,-0.20073863507101447,-0.24013966641618295
4,6,1,full,amplitude_damping,0.05,ZZZZ,-0.005784359583925869,-0.07033781297012752
4,6,1,circular,depolarizing,0.001,ZZZZ,0.024611053828205415,0.030558418301660922
4,6,1,circular,depolarizing,0.005,ZZZZ,-0.14675483770455006,-0.24187392567851304
4,6,1,circular,depolarizing,0.01,ZZZZ,0.032961790414001754,0.380589094033437
4,6,1,circular,depolarizing,0.02,ZZZZ,4.3407689765399826e-05,0.23418730981441993
4,6,1,circular,depolarizing,0.05,ZZZZ,-5.160282461767057e-05,0.08180262934804294
4,6,1,circular,amplitude_damping,0.001,ZZZZ,-0.1990818199240839,-0.2002883299760279
4,6,1,circular,amplitude_damping,0.005,ZZZZ,0.2545622798636948,0.28262902926598615
4,6,1,circular,amplitude_damping,0.01,ZZZZ,0.29622131628503934,0.3854745016646262
4,6,1,circular,amplitude_damping,0.02,ZZZZ,0.3580825557854367,0.3580825557854367
4,6,1,circular,amplitude_damping,0.05,ZZZZ,0.04179946143695694,0.0595578104198843
4,8,1,linear,depolarizing,0.001,ZZZZ,-0.22741823868739552,-0.2616772259413364
4,8,1,linear,depolarizing,0.005,ZZZZ,0.08138673307698685,0.2682396674476649
4,8,1,linear,depolarizing,0.01,ZZZZ,2.531755510108702e-05,0.002931743640048015
4,8,1,linear,depolarizing,0.02,ZZZZ,-0.02004138486775213,-0.12069774321004167
4,8,1,linear,depolarizing,0.05,ZZZZ,-0.00013982029154887415,-0.3851627787966771
4,8,1,linear,amplitude_damping,0.001,ZZZZ,0.06788436000204784,0.06788436000204763
4,8,1,linear,amplitude_damping,0.005,ZZZZ,-0.2604244774745946,-0.2931511275076648
4,8,1,linear,amplitude_damping,0.01,ZZZZ,0.028282016788966635,0.03937105382077674
4,8,1,linear,amplitude_damping,0.02,ZZZZ,0.24994955235757707,0.49998059433248265
4,8,1,linear,amplitude_damping,0.05,ZZZZ,0.14687022523407073,0.19673214767354708
4,8,1,full,depolarizing,0.001,ZZZZ,-0.2193255608136131,-0.253229440137326
4,8,1,full,depolarizing,0.005,ZZZZ,-0.0548463079733318,-0.09587724259147133
4,8,1,full,depolarizing,0.01,ZZZZ,0.0001950952287761501,0.004667987022435829
4,8,1,full,depolarizing,0.02,ZZZZ,-9.896114129548383e-09,-0.02345148506380282
4,8,1,full,depolarizing,0.05,ZZZZ,1.298301938387758e-07,0.01751689399481869
4,8,1,full,amplitude_damping,0.001,ZZZZ,-0.024064773529377192,-0.024622495613162584
4,8,1,full,amplitude_damping,0.005,ZZZZ,-0.0358935812036518,-0.042052533405186554
4,8,1,full,amplitude_damping,0.01,ZZZZ,0.11990560465779584,0.11990560465779553
4,8,1,full,amplitude_damping,0.02,ZZZZ,-0.013122470022064368,-0.02550187980439432
4,8,1,full,amplitude_damping,0.05,ZZZZ,0.07376592709980458,0.07376592709980437
4,8,1,circular,depolarizing,0.001,ZZZZ,-0.06084118598577548,-0.10251874827038909
4,8,1,circular,depolarizing,0.005,ZZZZ,0.03444612304655025,0.13736061049013615
4,8,1,circular,depolarizing,0.01,ZZZZ,0.0020166057722941708,0.049548658895747555
4,8,1,circular,depolarizing,0.02,ZZZZ,0.0005124919377076445,0.013304002240105181
4,8,1,circular,depolarizing,0.05,ZZZZ,-7.312227767730661e-10,-0.04220129164447811
4,8,1,circular,amplitude_damping,0.001,ZZZZ,-0.08835741542051491,-0.08784415996062461
4,8,1,circular,amplitude_damping,0.005,ZZZZ,0.097368392503617,0.1108774103971692
4,8,1,circular,amplitude_damping,0.01,ZZZZ,-0.3315653628213443,-0.3315653628213443
4,8,1,circular,amplitude_damping,0.02,ZZZZ,-0.21417389861366604,-0.32646199477515125
4,8,1,circular,amplitude_damping,0.05,ZZZZ,0.059900482139065424,0.271991986917775
4,10,1,linear,depolarizing,0.001,ZZZZ,0.03831818142675647,0.07363279987388674
4,10,1,linear,depolarizing,0.005,ZZZZ,-0.007633261289464545,-0.09901583755104307
4,10,1,linear,depolarizing,0.01,ZZZZ,0.0156607858631349,0.13075013682762165
4,10,1,linear,depolarizing,0.02,ZZZZ,0.0014685569243876942,0.1135318645136643
4,10,1,linear,depolarizing,0.05,ZZZZ,-0.003500470062658703,-0.538763122164154
4,10,1,linear,amplitude_damping,0.001,ZZZZ,0.48839264525580794,0.488392645255808
4,10,1,linear,amplitude_damping,0.005,ZZZZ,-0.08432806368101531,-0.09975005264000292
4,10,1,linear,amplitude_damping,0.01,ZZZZ,-0.061930993092143005,-0.06193099309214306
4,10,1,linear,amplitude_damping,0.02,ZZZZ,0.09907684262387162,0.25357222131290535
4,10,1,linear,amplitude_damping,0.05,ZZZZ,0.016901998284193368,0.1028159699374743
4,10,1,full,depolarizing,0.001,ZZZZ,0.20057019267008505,0.32855020189352546
4,10,1,full,depolarizing,0.005,ZZZZ,0.06280738099080913,0.1352380818327709
4,10,1,full,depolarizing,0.01,ZZZZ,-0.0005110451585209203,-0.30064580017868314
4,10,1,full,depolarizing,0.02,ZZZZ,-4.0403553010215365e-08,-0.13523550509329707
4,10,1,full,depolarizing,0.05,ZZZZ,0.001378818467269699,0.031550981875967915
4,10,1,full,amplitude_damping,0.001,ZZZZ,0.0006955267687388834,0.0006479318890017863
4,10,1,full,amplitude_damping,0.005,ZZZZ,-0.2596372183451427,-0.25963721834514286
4,10,1,full,amplitude_damping,0.01,ZZZZ,-0.043098341666450525,-0.05038506332398752
4,10,1,full,amplitude_damping,0.02,ZZZZ,0.1449435566548674,0.1449435566548678
4,10,1,full,amplitude_damping,0.05,ZZZZ,0.002676078670370917,0.005664896355613121
4,10,1,circular,depolarizing,0.001,ZZZZ,0.024842762086037258,0.02685711159157922
4,10,1,circular,depolarizing,0.005,ZZZZ,-0.02208033133410956,-0.16760125582912833
4,10,1,circular,depolarizing,0.01,ZZZZ,0.005041239007189377,0.018691824468781558
4,10,1,circular,depolarizing,0.02,ZZZZ,-2.0326026899115945e-05,0.0774266254178833
4,10,1,circular,depolarizing,0.05,ZZZZ,7.409150950404841e-07,0.04836073187619961
4,10,1,circular,amplitude_damping,0.001,ZZZZ,0.1379997312307716,0.14369866486972535
4,10,1,circular,amplitude_damping,0.005,ZZZZ,-0.24685229928761895,-0.3039124488746731
4,10,1,circular,amplitude_damping,0.01,ZZZZ,-0.41388810125316744,-0.4974765573297853
4,10,1,circular,amplitude_damping,0.02,ZZZZ,-0.010841732320272301,-0.00977046605590065
4,10,1,circular,amplitude_damping,0.05,ZZZZ,-0.2004867972633074,-0.20048679726330754
6,2,1,linear,depolarizing,0.001,ZZZZZZ,-0.4063088546383136,-0.44669202499154115
6,2,1,linear,depolarizing,0.005,ZZZZZZ,-0.02761542044454419,-0.08863610933480673
6,2,1,linear,depolarizing,0.01,ZZZZZZ,0.08790345505237951,0.21220975361426656
6,2,1,linear,depolarizing,0.02,ZZZZZZ,-0.0002205698986500245,-0.02527249780882762
6,2,1,linear,depolarizing,0.05,ZZZZZZ,-0.06257804959420404,-0.7184430027446566
6,2,1,linear,amplitude_damping,0.001,ZZZZZZ,0.0011472274118137131,0.0011812610349921544
6,2,1,linear,amplitude_damping,0.005,ZZZZZZ,-0.0009175125471693121,0.00020293394679866633
6,2,1,linear,amplitude_damping,0.01,ZZZZZZ,0.0023404366060910536,-0.004647977393727992
6,2,1,linear,amplitude_damping,0.02,ZZZZZZ,0.0016695377177641637,0.0017547157589607376
6,2,1,linear,amplitude_damping,0.05,ZZZZZZ,-0.16300786931899955,-0.26386732736950747
6,2,1,full,depolarizing,0.001,ZZZZZZ,-0.008785271840133176,-0.01100457536580005
6,2,1,full,depolarizing,0.005,ZZZZZZ,-0.02347402485279285,-0.09778086858485913
6,2,1,full,depolarizing,0.01,ZZZZZZ,0.002754278003918793,0.06771858697637509
6,2,1,full,depolarizing,0.02,ZZZZZZ,0.018441713098697195,0.0992692860077801
6,2,1,full,depolarizing,0.05,ZZZZZZ,0.016855513767689234,0.07797141702586884
6,2,1,full,amplitude_damping,0.001,ZZZZZZ,0.03600514323403727,0.03600514323403731
6,2,1,full,amplitude_damping,0.005,ZZZZZZ,0.009374503985637085,0.01069010602779104
6,2,1,full,amplitude_damping,0.01,ZZZZZZ,0.002954084759004931,0.002643512841640855
6,2,1,full,amplitude_damping,0.02,ZZZZZZ,-6.6370390592214445e-06,1.5964459933379832e-05
6,2,1,full,amplitude_damping,0.05,ZZZZZZ,-0.03134419611698405,-0.03961671440597028
6,2,1,circular,depolarizing,0.001,ZZZZZZ,-0.04549288939925748,-0.05696109922443503
6,2,1,circular,depolarizing,0.005,ZZZZZZ,0.006961766427182395,0.02122935912851332
6,2,1,circular,depolarizing,0.01,ZZZZZZ,-0.030584328624458063,-0.12539173403808376
6,2,1,circular,depolarizing,0.02,ZZZZZZ,-0.0069999329066485535,-0.026737231280244914
6,2,1,circular,depolarizing,0.05,ZZZZZZ,-0.0010354312731209736,-0.004778337292713072
6,2,1,circular,amplitude_damping,0.001,ZZZZZZ,-0.06822810228955864,-0.06822810228955872
6,2,1,circular,amplitude_damping,0.005,ZZZZZZ,0.2061548048398152,0.2061548048398151
6,2,1,circular,amplitude_damping,0.01,ZZZZZZ,0.7204453897954748,0.729380922890703
6,2,1,circular,amplitude_damping,0.02,ZZZZZZ,0.08905654826183043,0.10359917227928597
6,2,1,circular,amplitude_damping,0.05,ZZZZZZ,-0.005620908359824546,-0.013839562021692273
6,4,1,linear,depolarizing,0.001,ZZZZZZ,0.11862064475002637,0.13248402499778417
6,4,1,linear,depolarizing,0.005,ZZZZZZ,0.0030728950238593337,0.025922354637825412
6,4,1,linear,depolarizing,0.01,ZZZZZZ,-2.7608918704100788e-06,-0.0019833372654896736
6,4,1,linear,depolarizing,0.02,ZZZZZZ,-0.00165165994541255,-0.07231645013452097
6,4,1,linear,depolarizing,0.05,ZZZZZZ,0.00011759564366833376,-0.019660161775227246
6,4,1,linear,amplitude_damping,0.001,ZZZZZZ,-0.10845693609713092,-0.10845693609713097
6,4,1,linear,amplitude_damping,0.005,ZZZZZZ,-0.005784667061900232,-0.0059141897537574595
6,4,1,linear,amplitude_damping,0.01,ZZZZZZ,-0.0410115464204593,-0.052168600283679624
6,4,1,linear,amplitude_damping,0.02,ZZZZZZ,0.01779312298105247,0.028816226943814263
6,4,1,linear,amplitude_damping,0.05,ZZZZZZ,0.007430318953964746,0.039875911031736974
6,4,1,full,depolarizing,0.001,ZZZZZZ,0.26711182995183325,0.2866187305661602
6,4,1,full,depolarizing,0.005,ZZZZZZ,0.0009342698352287702,0.0016092686455661787
6,4,1,full,depolarizing,0.01,ZZZZZZ,0.0005896631887710724,0.028363770107224153
6,4,1,full,depolarizing,0.02,ZZZZZZ,-3.296262356102843e-05,-0.1788994148317216
6,4,1,full,depolarizing,0.05,ZZZZZZ,-5.936909989665007e-09,-0.008524243341867108
6,4,1,full,amplitude_damping,0.001,ZZZZZZ,0.02400299589116978,0.024385969178978777
6,4,1,full,amplitude_damping,0.005,ZZZZZZ,0.2664619872209053,0.2784049896384735
6,4,1,full,amplitude_damping,0.01,ZZZZZZ,-0.0018859018010264493,-0.0019184034292068252
6,4,1,full,amplitude_damping,0.02,ZZZZZZ,0.014475251693683994,-0.003500210867697029
6,4,1,full,amplitude_damping,0.05,ZZZZZZ,-0.014581303047084054,-0.04092355636215875
6,4,1,circular,depolarizing,0.001,ZZZZZZ,0.015838300894732052,0.017794488550343768
6,4,1,circular,depolarizing,0.005,ZZZZZZ,0.0005804607496430851,0.006467019272434479
6,4,1,circular,depolarizing,0.01,ZZZZZZ,-0.0014182232638628167,-0.12344206151968529
6,4,1,circular,depolarizing,0.02,ZZZZZZ,3.317545714700068e-06,0.027779644326607816
6,4,1,circular,depolarizing,0.05,ZZZZZZ,-0.0001503518563132798,-0.012093463821086087
6,4,1,circular,amplitude_damping,0.001,ZZZZZZ,-0.11595929196061715,-0.11932122241663634
6,4,1,circular,amplitude_damping,0.005,ZZZZZZ,0.07993390239297983,0.08598669247084685
6,4,1,circular,amplitude_damping,0.01,ZZZZZZ,0.32291933218871494,0.3609403856088388
6,4,1,circular,amplitude_damping,0.02,ZZZZZZ,0.09687426214260972,0.11919534620140666
6,4,1,circular,amplitude_damping,0.05,ZZZZZZ,0.012814920672636673,0.04580327754942641
6,6,1,linear,depolarizing,0.001,ZZZZZZ,-0.02173921525924695,-0.025564588523063057
6,6,1,linear,depolarizing,0.005,ZZZZZZ,-0.005069070017029578,-0.015116790558717067
6,6,1,linear,depolarizing,0.01,ZZZZZZ,-0.0026545744090375224,-0.022515068546353656
6,6,1,linear,depolarizing,0.02,ZZZZZZ,-0.006546470613385943,-0.22966474406577095
6,6,1,linear,depolarizing,0.05,ZZZZZZ,-0.00015987119657106912,0.0021615361828052765
6,6,1,linear,amplitude_damping,0.001,ZZZZZZ,-0.04045213963166924,-0.04138071842918932
6,6,1,linear,amplitude_damping,0.005,ZZZZZZ,0.0012752335927892558,0.0016991715709973078
6,6,1,linear,amplitude_damping,0.01,ZZZZZZ,-0.03666942414415597,-0.06238987682569603
6,6,1,linear,amplitude_damping,0.02,ZZZZZZ,-0.03639740555997936,-0.03639740555997949
6,6,1,linear,amplitude_damping,0.05,ZZZZZZ,0.02752865204076892,0.04573358569285381
6,6,1,full,depolarizing,0.001,ZZZZZZ,-0.0523330054306098,-0.06157790787867421
6,6,1,full,depolarizing,0.005,ZZZZZZ,-0.0017051887152709395,-0.10292032088564461
6,6,1,full,depolarizing,0.01,ZZZZZZ,6.681692765924188e-06,0.02889255939063362
6,6,1,full,depolarizing,0.02,ZZZZZZ,-3.839581215643595e-08,-0.001203760865973614
6,6,1,full,depolarizing,0.05,ZZZZZZ,-4.571607630421588e-05,-0.07507424553137523
6,6,1,full,amplitude_damping,0.001,ZZZZZZ,-0.048072824197763785,-0.04807282419776381
6,6,1,full,amplitude_damping,0.005,ZZZZZZ,-0.20636276139599924,-0.20636276139599924
6,6,1,full,amplitude_damping,0.01,ZZZZZZ,0.07686808719309167,0.07686808719309168
6,6,1,full,amplitude_damping,0.02,ZZZZZZ,0.01891373458550176,0.0401357460373484
6,6,1,full,amplitude_damping,0.05,ZZZZZZ,0.014550900502230402,0.13677075742813122
6,6,1,circular,depolarizing,0.001,ZZZZZZ,-0.15355788441120474,-0.21668928736045906
6,6,1,circular,depolarizing,0.005,ZZZZZZ,-0.020274868685635643,-0.038260877483053624
6,6,1,circular,depolarizing,0.01,ZZZZZZ,0.00046331055395432315,0.2778248981173723
6,6,1,circular,depolarizing,0.02,ZZZZZZ,0.0020029740443173755,0.09177486750607187
6,6,1,circular,depolarizing,0.05,ZZZZZZ,-1.9119445610060737e-12,0.028212417473326076
6,6,1,circular,amplitude_damping,0.001,ZZZZZZ,0.09585728619594153,0.10026767076432627
6,6,1,circular,amplitude_damping,0.005,ZZZZZZ,-0.11716878661947938,-0.13011419686600645
6,6,1,circular,amplitude_damping,0.01,ZZZZZZ,-0.047057678514490865,-0.04705767851449106
6,6,1,circular,amplitude_damping,0.02,ZZZZZZ,0.005552035280492543,0.002367496271397443
6,6,1,circular,amplitude_damping,0.05,ZZZZZZ,0.01946010516634187,0.019460105166341772
6,8,1,linear,depolarizing,0.001,ZZZZZZ,-0.014957949654127861,-0.020047936982890792
6,8,1,linear,depolarizing,0.005,ZZZZZZ,-0.00574677480548786,-0.03546966718696554
6,8,1,linear,depolarizing,0.01,ZZZZZZ,-1.0483726254419817e-05,-0.08716534458376558
6,8,1,linear,depolarizing,0.02,ZZZZZZ,0.00013351655865500092,0.04336750898803278
6,8,1,linear,depolarizing,0.05,ZZZZZZ,3.747065565420753e-05,0.004776039503478914
6,8,1,linear,amplitude_damping,0.001,ZZZZZZ,-0.10325197914871835,-0.10869286430618978
6,8,1,linear,amplitude_damping,0.005,ZZZZZZ,0.0005652011507110768,-0.0027913042563373
6,8,1,linear,amplitude_damping,0.01,ZZZZZZ,-0.04656680706987738,-0.05073142126725875
6,8,1,linear,amplitude_damping,0.02,ZZZZZZ,0.12200338477263284,0.12200338477263292
6,8,1,linear,amplitude_damping,0.05,ZZZZZZ,0.002425256643493221,0.0024252566434932385
6,8,1,full,depolarizing,0.001,ZZZZZZ,0.008749637363620059,0.027844165088450962
6,8,1,full,depolarizing,0.005,ZZZZZZ,0.008608578796569802,0.025010132208266707
6,8,1,full,depolarizing,0.01,ZZZZZZ,-1.358964264949053e-06,-0.026980129921546202
6,8,1,full,depolarizing,0.02,ZZZZZZ,-2.8630915931485146e-08,0.21854095630682036
6,8,1,full,depolarizing,0.05,ZZZZZZ,-2.244050605060277e-11,0.07319940173932135
6,8,1,full,amplitude_damping,0.001,ZZZZZZ,-0.12470584079540434,-0.12990306571887933
6,8,1,full,amplitude_damping,0.005,ZZZZZZ,0.007343547066217622,0.009753833680584181
6,8,1,full,amplitude_damping,0.01,ZZZZZZ,0.10974504428882326,0.17358751281979778
6,8,1,full,amplitude_damping,0.02,ZZZZZZ,-0.020189763393881677,-0.020189763393881628
6,8,1,full,amplitude_damping,0.05,ZZZZZZ,-0.01113713605992136,-0.0668335400081036
6,8,1,circular,depolarizing,0.001,ZZZZZZ,0.10396638675519841,0.1644652139362605
6,8,1,circular,depolarizing,0.005,ZZZZZZ,-0.07362371486212758,-0.23409177715007037
6,8,1,circular,depolarizing,0.01,ZZZZZZ,-8.843563370015267e-06,0.00019592051026959267
6,8,1,circular,depolarizing,0.02,ZZZZZZ,-0.00019284051803303455,-0.014755087258482898
6,8,1,circular,depolarizing,0.05,ZZZZZZ,8.107403637325206e-14,-0.2758464635391711
6,8,1,circular,amplitude_damping,0.001,ZZZZZZ,-0.14813821589485343,-0.14813821589485343
6,8,1,circular,amplitude_damping,0.005,ZZZZZZ,0.002687244168964195,0.0011204881233482789
6,8,1,circular,amplitude_damping,0.01,ZZZZZZ,-0.001534272787016254,-0.00023057089966077755
6,8,1,circular,amplitude_damping,0.02,ZZZZZZ,0.000755504211118592,-0.007972456735137239
6,8,1,circular,amplitude_damping,0.05,ZZZZZZ,0.018283895116888133,0.018283895116888063
6,10,1,linear,depolarizing,0.001,ZZZZZZ,-0.02492929968729559,-0.04412122121016672
6,10,1,linear,depolarizing,0.005,ZZZZZZ,0.030505823908297616,0.11473001648552607
6,10,1,linear,depolarizing,0.01,ZZZZZZ,-0.001725484913261634,-0.2649779564490444
6,10,1,linear,depolarizing,0.02,ZZZZZZ,-9.074877308060982e-05,0.08277734274826974
6,10,1,linear,depolarizing,0.05,ZZZZZZ,-6.28648802784848e-07,-0.03795859215078193
6,10,1,linear,amplitude_damping,0.001,ZZZZZZ,0.17222768548586725,0.17222768548586734
6,10,1,linear,amplitude_damping,0.005,ZZZZZZ,0.0010395106367143518,-0.0012358342727163962
6,10,1,linear,amplitude_damping,0.01,ZZZZZZ,0.07269171309321634,0.07269171309321634
6,10,1,linear,amplitude_damping,0.02,ZZZZZZ,-0.0023566776754848397,0.019152207237859358
6,10,1,linear,amplitude_damping,0.05,ZZZZZZ,0.05866494899300486,0.05866494899300461
6,10,1,full,depolarizing,0.001,ZZZZZZ,-0.1097734057849937,-0.1456539368019954
6,10,1,full,depolarizing,0.005,ZZZZZZ,-0.0005285895200279837,-0.10928932228200341
6,10,1,full,depolarizing,0.01,ZZZZZZ,-0.0013181840215471044,-0.0386382363928585
6,10,1,full,depolarizing,0.02,ZZZZZZ,2.6004627270981295e-11,0.16929389809831738
6,10,1,full,depolarizing,0.05,ZZZZZZ,2.39875836696192e-06,0.02990328230357322
6,10,1,full,amplitude_damping,0.001,ZZZZZZ,0.22185353193671947,0.2348443030143529
6,10,1,full,amplitude_damping,0.005,ZZZZZZ,-0.05965448354949754,-0.059654483549497594
6,10,1,full,amplitude_damping,0.01,ZZZZZZ,-0.01519848532107264,-0.01720169877949255
6,10,1,full,amplitude_damping,0.02,ZZZZZZ,-0.05172706635205257,-0.07346809338138059
6,10,1,full,amplitude_damping,0.05,ZZZZZZ,0.0002381454436319562,0.00023814544363227885
6,10,1,circular,depolarizing,0.001,ZZZZZZ,0.12114735193680506,0.15264515939760137
6,10,1,circular,depolarizing,0.005,ZZZZZZ,0.0004120348454807448,0.10596370533417795
6,10,1,circular,depolarizing,0.01,ZZZZZZ,-0.008802655974473488,-0.11558236609544292
6,10,1,circular,depolarizing,0.02,ZZZZZZ,1.1029883603685953e-11,0.08142680687086924
6,10,1,circular,depolarizing,0.05,ZZZZZZ,3.180712533634722e-09,0.055352047259771775
6,10,1,circular,amplitude_damping,0.001,ZZZZZZ,0.007039950400715145,0.007676113798554138
6,10,1,circular,amplitude_damping,0.005,ZZZZZZ,0.06290114215111078,0.08115319676525429
6,10,1,circular,amplitude_damping,0.01,ZZZZZZ,0.049145605502146375,0.07480172400419377
6,10,1,circular,amplitude_damping,0.02,ZZZZZZ,-0.020161478245619802,-0.04196617238914771
6,10,1,circular,amplitude_damping,0.05,ZZZZZZ,-0.23906717001497998,-0.23906717001498012
8,2,1,linear,depolarizing,0.001,ZZZZZZZZ,-0.0842053495699648,-0.090500837659948
8,2,1,linear,depolarizing,0.005,ZZZZZZZZ,-0.012576098389749626,-0.061571905311147763
8,2,1,linear,depolarizing,0.01,ZZZZZZZZ,0.008369475046005591,0.020138169669023286
8,2,1,linear,depolarizing,0.02,ZZZZZZZZ,0.006665682793587361,0.12879923284347733
8,2,1,linear,depolarizing,0.05,ZZZZZZZZ,0.0013533563892434378,0.021288284916130402
8,2,1,linear,amplitude_damping,0.001,ZZZZZZZZ,-0.3586046858685863,-0.3660599162683189
8,2,1,linear,amplitude_damping,0.005,ZZZZZZZZ,0.04380358358125947,0.04559035933854532
8,2,1,linear,amplitude_damping,0.01,ZZZZZZZZ,3.2979420033678124e-05,5.257852347725976e-06
8,2,1,linear,amplitude_damping,0.02,ZZZZZZZZ,-0.021066676562859796,-0.021066676562859744
8,2,1,linear,amplitude_damping,0.05,ZZZZZZZZ,-0.07261297506383979,-0.09783184798100138
8,2,1,full,depolarizing,0.001,ZZZZZZZZ,0.03904856903065629,0.06114574164667611
8,2,1,full,depolarizing,0.005,ZZZZZZZZ,0.021838023260408977,0.1004503923096575
8,2,1,full,depolarizing,0.01,ZZZZZZZZ,8.5094280545016e-05,0.02701697794450114
8,2,1,full,depolarizing,0.02,ZZZZZZZZ,1.1039876268775436e-06,0.017061853792477256
8,2,1,full,depolarizing,0.05,ZZZZZZZZ,1.3675644270290648e-05,-0.04804624017452093
8,2,1,full,amplitude_damping,0.001,ZZZZZZZZ,-0.010761662093381898,-0.01076166209338193
8,2,1,full,amplitude_damping,0.005,ZZZZZZZZ,-0.05324355990501928,-0.05324355990501936
8,2,1,full,amplitude_damping,0.01,ZZZZZZZZ,0.12401710898190507,0.13605179387726182
8,2,1,full,amplitude_damping,0.02,ZZZZZZZZ,-0.013993523307143102,-0.020627841852975996
8,2,1,full,amplitude_damping,0.05,ZZZZZZZZ,-0.06997720314403612,-0.06997720314403583
8,2,1,circular,depolarizing,0.001,ZZZZZZZZ,0.0339621110593507,0.04143502299762908
8,2,1,circular,depolarizing,0.005,ZZZZZZZZ,0.00017217882624513464,0.0002756220329035625
8,2,1,circular,depolarizing,0.01,ZZZZZZZZ,-0.004578888375642329,-0.015122465036475045
8,2,1,circular,depolarizing,0.02,ZZZZZZZZ,-0.0007090943878968808,-0.03328536757395978
8,2,1,circular,depolarizing,0.05,ZZZZZZZZ,0.0008576546424942403,0.0008913331420231149
8,2,1,circular,amplitude_damping,0.001,ZZZZZZZZ,0.00011862943842739181,0.0001183073825257897
8,2,1,circular,amplitude_damping,0.005,ZZZZZZZZ,-0.0037315043254913544,-0.00485450082146847
8,2,1,circular,amplitude_damping,0.01,ZZZZZZZZ,-0.012164325780855459,-0.015623884029678596
8,2,1,circular,amplitude_damping,0.02,ZZZZZZZZ,-0.0793348432260065,-0.07485243303138375
8,2,1,circular,amplitude_damping,0.05,ZZZZZZZZ,0.028158522057038286,0.03825262979351288
8,4,1,linear,depolarizing,0.001,ZZZZZZZZ,0.013719813143198457,0.015962738622948877
8,4,1,linear,depolarizing,0.005,ZZZZZZZZ,0.003412356545060319,0.008739674718352377
8,4,1,linear,depolarizing,0.01,ZZZZZZZZ,0.00010588966397559116,0.04192625240920414
8,4,1,linear,depolarizing,0.02,ZZZZZZZZ,0.00025188079307125917,0.0049870859199019
8,4,1,linear,depolarizing,0.05,ZZZZZZZZ,-9.294351939210382e-07,-0.06003402265253165
8,4,1,linear,amplitude_damping,0.001,ZZZZZZZZ,0.010656658598968615,0.010892482334172924
8,4,1,linear,amplitude_damping,0.005,ZZZZZZZZ,0.0036477725316166904,0.004342839485914928
8,4,1,linear,amplitude_damping,0.01,ZZZZZZZZ,-0.01413794231687735,-0.01960502653563852
8,4,1,linear,amplitude_damping,0.02,ZZZZZZZZ,-0.005697772690537143,-0.008165213651999933
8,4,1,linear,amplitude_damping,0.05,ZZZZZZZZ,-4.65317885206748e-05,-1.4789055019684416e-05
8,4,1,full,depolarizing,0.001,ZZZZZZZZ,0.0008676781207667414,0.001331374800579565
8,4,1,full,depolarizing,0.005,ZZZZZZZZ,-0.0009369104825315043,-0.022260426638383124
8,4,1,full,depolarizing,0.01,ZZZZZZZZ,-0.000476511620868,0.027955910854115935
8,4,1,full,depolarizing,0.02,ZZZZZZZZ,0.000310249281170032,0.006912563362990367
8,4,1,full,depolarizing,0.05,ZZZZZZZZ,-4.51614405784246e-06,-0.00941200554781203
8,4,1,full,amplitude_damping,0.001,ZZZZZZZZ,0.04262790758834431,0.04340643798594161
8,4,1,full,amplitude_damping,0.005,ZZZZZZZZ,0.019883327282270456,0.022116545278140172
8,4,1,full,amplitude_damping,0.01,ZZZZZZZZ,0.002110096865921049,0.0017725744963930264
8,4,1,full,amplitude_damping,0.02,ZZZZZZZZ,0.03086770075850643,0.030867700758506478
8,4,1,full,amplitude_damping,0.05,ZZZZZZZZ,-0.006870360287220973,-0.013251296223177158
8,4,1,circular,depolarizing,0.001,ZZZZZZZZ,-0.13221054568853058,-0.1558444301229331
8,4,1,circular,depolarizing,0.005,ZZZZZZZZ,0.0003903801104278864,0.0007887321993889193
8,4,1,circular,depolarizing,0.01,ZZZZZZZZ,0.0013758268520940417,0.0020266954767089226
8,4,1,circular,depolarizing,0.02,ZZZZZZZZ,3.4620660342883636e-08,0.032798404234790135
8,4,1,circular,depolarizing,0.05,ZZZZZZZZ,7.623781337132152e-11,0.01254433943791417
8,4,1,circular,amplitude_damping,0.001,ZZZZZZZZ,-0.026021568479437006,-0.026021568479437054
8,4,1,circular,amplitude_damping,0.005,ZZZZZZZZ,0.08768006588865378,0.08768006588865376
8,4,1,circular,amplitude_damping,0.01,ZZZZZZZZ,-0.02303581120369175,-0.023035811203691824
8,4,1,circular,amplitude_damping,0.02,ZZZZZZZZ,0.01995835355442083,0.02710197216251177
8,4,1,circular,amplitude_damping,0.05,ZZZZZZZZ,-0.0734109239339482,-0.07341092393394824
8,6,1,linear,depolarizing,0.001,ZZZZZZZZ,-0.04821086582561146,-0.06838686140879911
8,6,1,linear,depolarizing,0.005,ZZZZZZZZ,-0.0003130645836924282,-0.03940226548185906
8,6,1,linear,depolarizing,0.01,ZZZZZZZZ,2.8697259816055226e-06,0.011602340366378415
8,6,1,linear,depolarizing,0.02,ZZZZZZZZ,-3.384539092345616e-05,-0.012245689762960001
8,6,1,linear,depolarizing,0.05,ZZZZZZZZ,-2.2631504507189017e-06,0.0010575307453465034
8,6,1,linear,amplitude_damping,0.001,ZZZZZZZZ,0.011241724299294934,0.011536294356018374
8,6,1,linear,amplitude_damping,0.005,ZZZZZZZZ,-0.018340613104737627,-0.018340613104737558
8,6,1,linear,amplitude_damping,0.01,ZZZZZZZZ,0.04119996900790271,0.06727870869344378
8,6,1,linear,amplitude_damping,0.02,ZZZZZZZZ,0.010121151131221242,0.046780065909943616
8,6,1,linear,amplitude_damping,0.05,ZZZZZZZZ,-0.0012389663738772716,-0.028094608347412
8,6,1,full,depolarizing,0.001,ZZZZZZZZ,-0.0013757012228012323,-0.008325360858617695
8,6,1,full,depolarizing,0.005,ZZZZZZZZ,-0.010802466283895069,-0.03225851131324492
8,6,1,full,depolarizing,0.01,ZZZZZZZZ,5.127632525568984e-08,0.021422996140461777
8,6,1,full,depolarizing,0.02,ZZZZZZZZ,0.0001783901488143023,0.013169480404812193
8,6,1,full,depolarizing,0.05,ZZZZZZZZ,-6.696612448592321e-12,-0.02433315097408742
8,6,1,full,amplitude_damping,0.001,ZZZZZZZZ,0.0025881579190211584,0.0027098300832887664
8,6,1,full,amplitude_damping,0.005,ZZZZZZZZ,-0.02501378720022425,-0.0250137872002243
8,6,1,full,amplitude_damping,0.01,ZZZZZZZZ,-0.024265976492742623,-0.04147971425345141
8,6,1,full,amplitude_damping,0.02,ZZZZZZZZ,0.02761755450858875,0.052842388675583066
8,6,1,full,amplitude_damping,0.05,ZZZZZZZZ,0.10789332053575579,0.10789332053575577
8,6,1,circular,depolarizing,0.001,ZZZZZZZZ,-0.01589442956628664,-0.03925968276439066
8,6,1,circular,depolarizing,0.005,ZZZZZZZZ,0.009782210556366598,0.02161664199715398
8,6,1,circular,depolarizing,0.01,ZZZZZZZZ,1.3712495692272744e-06,0.01582663790646117
8,6,1,circular,depolarizing,0.02,ZZZZZZZZ,1.674284677913307e-10,0.002150639987992174
8,6,1,circular,depolarizing,0.05,ZZZZZZZZ,-1.6287097299003302e-06,0.02502427000324441
8,6,1,circular,amplitude_damping,0.001,ZZZZZZZZ,0.01213724711789169,0.012137247117891752
8,6,1,circular,amplitude_damping,0.005,ZZZZZZZZ,-0.0003809835109058477,-0.0008970375005236514
8,6,1,circular,amplitude_damping,0.01,ZZZZZZZZ,-0.02865063524185353,-0.02865063524185352
8,6,1,circular,amplitude_damping,0.02,ZZZZZZZZ,-0.02509405290800897,-0.025094052908008955
8,6,1,circular,amplitude_damping,0.05,ZZZZZZZZ,0.003506156147926876,0.04710062342089538
8,8,1,linear,depolarizing,0.001,ZZZZZZZZ,0.00033499930628424243,-0.0005778010591428633
8,8,1,linear,depolarizing,0.005,ZZZZZZZZ,0.003783473745598942,0.014639062560021114
8,8,1,linear,depolarizing,0.01,ZZZZZZZZ,-6.086604980356375e-08,0.00034091545620818387
8,8,1,linear,depolarizing,0.02,ZZZZZZZZ,5.739490913786449e-12,-0.022163998196862586
8,8,1,linear,depolarizing,0.05,ZZZZZZZZ,-1.2576745200831851e-17,0.06586716476729115
8,8,1,linear,amplitude_damping,0.001,ZZZZZZZZ,0.12203911928815613,0.13008082984103372
8,8,1,linear,amplitude_damping,0.005,ZZZZZZZZ,-0.006998916444313259,-0.007579177438401375
8,8,1,linear,amplitude_damping,0.01,ZZZZZZZZ,-0.0015297868929603688,-0.003683537718142935
8,8,1,linear,amplitude_damping,0.02,ZZZZZZZZ,0.008719409433838317,0.03753952975705981
8,8,1,linear,amplitude_damping,0.05,ZZZZZZZZ,-0.0442882768367742,-0.04428827683677427
8,8,1,full,depolarizing,0.001,ZZZZZZZZ,0.017693871231195608,0.0543905426850326
8,8,1,full,depolarizing,0.005,ZZZZZZZZ,0.004948231998240433,0.024048023156153182
8,8,1,full,depolarizing,0.01,ZZZZZZZZ,-3.297012310583304e-07,-0.09634156905606664
8,8,1,full,depolarizing,0.02,ZZZZZZZZ,5.815703821299145e-14,-0.017458467902198387
8,8,1,full,depolarizing,0.05,ZZZZZZZZ,4.1454147633275193e-07,-0.004824970287722453
8,8,1,full,amplitude_damping,0.001,ZZZZZZZZ,-0.01437408331169374,-0.014748557428437397
8,8,1,full,amplitude_damping,0.005,ZZZZZZZZ,0.05369783034014857,0.06317301200372992
8,8,1,full,amplitude_damping,0.01,ZZZZZZZZ,-0.06999265388175598,-0.09062494038692034
8,8,1,full,amplitude_damping,0.02,ZZZZZZZZ,-0.0020357538414655712,-0.003946723456123305
8,8,1,full,amplitude_damping,0.05,ZZZZZZZZ,-0.0047052637995691005,-0.03633767416112717
8,8,1,circular,depolarizing,0.001,ZZZZZZZZ,-0.0031129493869446446,-0.010199148982414575
8,8,1,circular,depolarizing,0.005,ZZZZZZZZ,-0.0010786552744492302,-0.025358571487901844
8,8,1,circular,depolarizing,0.01,ZZZZZZZZ,-1.3257340415046004e-07,-0.021577232583245804
8,8,1,circular,depolarizing,0.02,ZZZZZZZZ,3.736164589512869e-12,-0.1873666416122295
8,8,1,circular,depolarizing,0.05,ZZZZZZZZ,-5.569133991990653e-06,-0.07240839618467457
8,8,1,circular,amplitude_damping,0.001,ZZZZZZZZ,-0.08164277538769663,-0.08164277538769692
8,8,1,circular,amplitude_damping,0.005,ZZZZZZZZ,-0.10571756393469398,-0.10571756393469384
8,8,1,circular,amplitude_damping,0.01,ZZZZZZZZ,-0.020876790485720463,-0.04268659101328422
8,8,1,circular,amplitude_damping,0.02,ZZZZZZZZ,-0.08210407379169851,-0.14417630463337494
8,8,1,circular,amplitude_damping,0.05,ZZZZZZZZ,-0.0070372208804959785,-0.02850030455740923
8,10,1,linear,depolarizing,0.001,ZZZZZZZZ,-0.002648181124347929,-0.009916734766453064
8,10,1,linear,depolarizing,0.005,ZZZZZZZZ,2.355448165515788e-05,-0.0026148235964819724
8,10,1,linear,depolarizing,0.01,ZZZZZZZZ,1.0958151737145566e-08,0.0263536305223675
8,10,1,linear,depolarizing,0.02,ZZZZZZZZ,4.9439619065339e-17,0.02122092367950713
8,10,1,linear,depolarizing,0.05,ZZZZZZZZ,-4.336808689942018e-19,0.03850412949290788
8,10,1,linear,amplitude_damping,0.001,ZZZZZZZZ,-0.011378343765726094,-0.01237565550373012
8,10,1,linear,amplitude_damping,0.005,ZZZZZZZZ,-0.06780183896139319,-0.06780183896139307
8,10,1,linear,amplitude_damping,0.01,ZZZZZZZZ,-0.006903870501742234,-0.018509831929611448
8,10,1,linear,amplitude_damping,0.02,ZZZZZZZZ,-0.007266567169180737,0.007180041831240487
8,10,1,linear,amplitude_damping,0.05,ZZZZZZZZ,6.429392678227201e-05,0.005923127731027527
8,10,1,full,depolarizing,0.001,ZZZZZZZZ,-0.001964405996177843,-0.02669526905974348
8,10,1,full,depolarizing,0.005,ZZZZZZZZ,-9.751885562170283e-05,-0.12150055028722204
8,10,1,full,depolarizing,0.01,ZZZZZZZZ,2.026048471354125e-09,-0.03672758198975718
8,10,1,full,depolarizing,0.02,ZZZZZZZZ,-7.257549596018098e-13,0.0842571682756016
8,10,1,full,depolarizing,0.05,ZZZZZZZZ,-1.9567596382195213e-08,-0.00498165294318173
8,10,1,full,amplitude_damping,0.001,ZZZZZZZZ,-0.10455702181507504,-0.10455702181507504
8,10,1,full,amplitude_damping,0.005,ZZZZZZZZ,-0.01763481086361095,-0.017634810863610916
8,10,1,full,amplitude_damping,0.01,ZZZZZZZZ,0.03293326433392712,0.04402058723000795
8,10,1,full,amplitude_damping,0.02,ZZZZZZZZ,-0.031192893270943843,-0.03119289327094376
8,10,1,full,amplitude_damping,0.05,ZZZZZZZZ,-0.00018338282396615198,-0.009459918870347157
8,10,1,circular,depolarizing,0.001,ZZZZZZZZ,-0.017467689375884,-0.036334852251026166
8,10,1,circular,depolarizing,0.005,ZZZZZZZZ,0.000620773611707804,0.04750466841979878
8,10,1,circular,depolarizing,0.01,ZZZZZZZZ,-3.882300716620199e-06,0.03179196927760899
8,10,1,circular,depolarizing,0.02,ZZZZZZZZ,-3.169731371734791e-08,0.028812652936194623
8,10,1,circular,depolarizing,0.05,ZZZZZZZZ,-9.390170114089227e-08,-0.03331159618453548
8,10,1,circular,amplitude_damping,0.001,ZZZZZZZZ,0.057858013128443644,0.05785801312844366
8,10,1,circular,amplitude_damping,0.005,ZZZZZZZZ,-0.012278723114233933,-0.014097951454022695
8,10,1,circular,amplitude_damping,0.01,ZZZZZZZZ,-0.05489641023939267,-0.054896410239392845
8,10,1,circular,amplitude_damping,0.02,ZZZZZZZZ,0.004127933427372532,0.01740811051875369
8,10,1,circular,amplitude_damping,0.05,ZZZZZZZZ,0.01606368239517196,0.09707914215849633
10,2,1,linear,depolarizing,0.001,ZZZZZZZZZZ,0.001143449451051956,0.001651017507088963
10,2,1,linear,depolarizing,0.005,ZZZZZZZZZZ,-0.004270628133818427,-0.007301195741794105
10,2,1,linear,depolarizing,0.01,ZZZZZZZZZZ,0.0002841976670834123,0.0006217879279411144
10,2,1,linear,depolarizing,0.02,ZZZZZZZZZZ,5.189610868884293e-07,0.0030306340380167893
10,2,1,linear,depolarizing,0.05,ZZZZZZZZZZ,-1.4915699332867117e-06,-0.02703984515531812
10,2,1,linear,amplitude_damping,0.001,ZZZZZZZZZZ,0.0021453938303124553,0.0021831327947383233
10,2,1,linear,amplitude_damping,0.005,ZZZZZZZZZZ,0.022921261687953737,0.022921261687953734
10,2,1,linear,amplitude_damping,0.01,ZZZZZZZZZZ,0.0011074430148230335,0.0011074430148230816
10,2,1,linear,amplitude_damping,0.02,ZZZZZZZZZZ,0.02484653941131293,0.034821557150807314
10,2,1,linear,amplitude_damping,0.05,ZZZZZZZZZZ,-0.0019921626834704096,-0.0048135419569685515
10,2,1,full,depolarizing,0.001,ZZZZZZZZZZ,-0.005223425060708312,-0.011697876743762946
10,2,1,full,depolarizing,0.005,ZZZZZZZZZZ,0.000102486806610263,0.00018269718616655125
10,2,1,full,depolarizing,0.01,ZZZZZZZZZZ,-5.435181400624344e-06,-1.6148743410913458e-05
10,2,1,full,depolarizing,0.02,ZZZZZZZZZZ,7.015980459616896e-08,0.0002423920036999456
10,2,1,full,depolarizing,0.05,ZZZZZZZZZZ,9.305830722975902e-10,0.0013864209094096005
10,2,1,full,amplitude_damping,0.001,ZZZZZZZZZZ,-4.8826171636351775e-06,-7.636385267906614e-06
10,2,1,full,amplitude_damping,0.005,ZZZZZZZZZZ,0.00843525135306402,0.00881261109579158
10,2,1,full,amplitude_damping,0.01,ZZZZZZZZZZ,-0.027441237645954564,-0.027441237645954564
10,2,1,full,amplitude_damping,0.02,ZZZZZZZZZZ,4.711908337569861e-05,0.00019497988600468213
10,2,1,full,amplitude_damping,0.05,ZZZZZZZZZZ,0.0013309289336521468,0.005262597353036799
10,2,1,circular,depolarizing,0.001,ZZZZZZZZZZ,0.001898889272281759,0.0020860528848750553
10,2,1,circular,depolarizing,0.005,ZZZZZZZZZZ,6.77054232432132e-06,4.217090738919083e-05
10,2,1,circular,depolarizing,0.01,ZZZZZZZZZZ,-0.0017706405684177339,-0.004640534435546561
10,2,1,circular,depolarizing,0.02,ZZZZZZZZZZ,0.0004331666021097296,0.02619660342834734
10,2,1,circular,depolarizing,0.05,ZZZZZZZZZZ,-0.00027213452438693507,-0.05995729026168417
10,2,1,circular,amplitude_damping,0.001,ZZZZZZZZZZ,0.03760749513458461,0.03760749513458464
10,2,1,circular,amplitude_damping,0.005,ZZZZZZZZZZ,0.005826825278227147,0.005826825278227154
10,2,1,circular,amplitude_damping,0.01,ZZZZZZZZZZ,1.673520530580977e-05,2.7190868911345967e-05
10,2,1,circular,amplitude_damping,0.02,ZZZZZZZZZZ,0.03758984357531685,0.03807948313285444
10,2,1,circular,amplitude_damping,0.05,ZZZZZZZZZZ,-0.0001035285675276328,0.0007274315724278283
10,4,1,linear,depolarizing,0.001,ZZZZZZZZZZ,-0.007954461006966503,-0.009903818667267951
10,4,1,linear,depolarizing,0.005,ZZZZZZZZZZ,4.9948148056192106e-05,0.006599541302386854
10,4,1,linear,depolarizing,0.01,ZZZZZZZZZZ,0.010088779037258681,0.10508352525217872
10,4,1,linear,depolarizing,0.02,ZZZZZZZZZZ,-0.000181099714733671,-0.01753605083415515
10,4,1,linear,depolarizing,0.05,ZZZZZZZZZZ,-1.795872045156938e-05,0.04967875395475256
10,4,1,linear,amplitude_damping,0.001,ZZZZZZZZZZ,0.011996804995293145,0.012145606678258971
10,4,1,linear,amplitude_damping,0.005,ZZZZZZZZZZ,-0.0012414851485719452,-0.0018221981264712104
10,4,1,linear,amplitude_damping,0.01,ZZZZZZZZZZ,-0.059944897754684125,-0.0599448977546842
10,4,1,linear,amplitude_damping,0.02,ZZZZZZZZZZ,3.260675714389805e-05,-0.0021529034759675495
10,4,1,linear,amplitude_damping,0.05,ZZZZZZZZZZ,-0.004860241345591729,-0.03979106409892465
10,4,1,full,depolarizing,0.001,ZZZZZZZZZZ,0.0006974222341512967,0.0013356994033967779
10,4,1,full,depolarizing,0.005,ZZZZZZZZZZ,0.0006717523414433517,0.002159300759014117
10,4,1,full,depolarizing,0.01,ZZZZZZZZZZ,6.112357357093527e-07,-0.05055739205679492
10,4,1,full,depolarizing,0.02,ZZZZZZZZZZ,-1.3846484317198843e-09,0.00517443986384093
10,4,1,full,depolarizing,0.05,ZZZZZZZZZZ,-1.8974927965681454e-12,-0.018366603078443264
10,4,1,full,amplitude_damping,0.001,ZZZZZZZZZZ,0.046551193398014716,0.04655119339801478
10,4,1,full,amplitude_damping,0.005,ZZZZZZZZZZ,0.003642695952620691,0.004182420438676151
10,4,1,full,amplitude_damping,0.01,ZZZZZZZZZZ,-0.061147549685607455,-0.06114754968560752
10,4,1,full,amplitude_damping,0.02,ZZZZZZZZZZ,0.0005378308650939084,0.0014960137816520313
10,4,1,full,amplitude_damping,0.05,ZZZZZZZZZZ,0.03850280236680174,0.038502802366801744
10,4,1,circular,depolarizing,0.001,ZZZZZZZZZZ,-0.0006248240860356109,-0.0007433862204475131
10,4,1,circular,depolarizing,0.005,ZZZZZZZZZZ,-0.0032263834060413813,-0.024105428649632395
10,4,1,circular,depolarizing,0.01,ZZZZZZZZZZ,-1.2467136777229138e-05,-0.026236477485672424
10,4,1,circular,depolarizing,0.02,ZZZZZZZZZZ,1.4933989106111212e-09,0.022001474822408173
10,4,1,circular,depolarizing,0.05,ZZZZZZZZZZ,-1.8781634233966393e-15,0.008810602645450602
10,4,1,circular,amplitude_damping,0.001,ZZZZZZZZZZ,3.0864426304821503e-06,8.080844584507795e-06
10,4,1,circular,amplitude_damping,0.005,ZZZZZZZZZZ,0.054785631623335114,0.05478563162333507
10,4,1,circular,amplitude_damping,0.01,ZZZZZZZZZZ,0.05059473744262883,0.05059473744262882
10,4,1,circular,amplitude_damping,0.02,ZZZZZZZZZZ,-0.00032443561689670525,-0.00017109447974510833
10,4,1,circular,amplitude_damping,0.05,ZZZZZZZZZZ,2.7534354615302855e-05,9.774865897290704e-05
10,6,1,linear,depolarizing,0.001,ZZZZZZZZZZ,-0.0017979491853847343,-0.0023318903923485864
10,6,1,linear,depolarizing,0.005,ZZZZZZZZZZ,-5.703623063560946e-06,-0.0016881286564087799
10,6,1,linear,depolarizing,0.01,ZZZZZZZZZZ,-0.00021037341314224527,-0.030173224526296033
10,6,1,linear,depolarizing,0.02,ZZZZZZZZZZ,-1.7698720031965277e-06,-0.04802612276491566
10,6,1,linear,depolarizing,0.05,ZZZZZZZZZZ,3.469446951953614e-18,-0.013645801331215603
10,6,1,linear,amplitude_damping,0.001,ZZZZZZZZZZ,-0.002054096127404231,-0.002044902664475228
10,6,1,linear,amplitude_damping,0.005,ZZZZZZZZZZ,0.001411190213438611,0.001804762471527675
10,6,1,linear,amplitude_damping,0.01,ZZZZZZZZZZ,0.0020899766632389554,0.0010814127499107842
10,6,1,linear,amplitude_damping,0.02,ZZZZZZZZZZ,0.004357998559000374,0.005907867411721361
10,6,1,linear,amplitude_damping,0.05,ZZZZZZZZZZ,7.53022538758089e-05,0.00253990871227103
10,6,1,full,depolarizing,0.001,ZZZZZZZZZZ,0.000414459056659422,0.001134790425732092
10,6,1,full,depolarizing,0.005,ZZZZZZZZZZ,1.918654269344002e-06,-0.00010592382695168596
10,6,1,full,depolarizing,0.01,ZZZZZZZZZZ,9.522711430647583e-06,0.00020448974378491482
10,6,1,full,depolarizing,0.02,ZZZZZZZZZZ,-3.480028765157073e-14,-0.03497755293278916
10,6,1,full,depolarizing,0.05,ZZZZZZZZZZ,5.637851296924623e-18,0.006487820949052145
10,6,1,full,amplitude_damping,0.001,ZZZZZZZZZZ,0.07012026504846129,0.0701202650484612
10,6,1,full,amplitude_damping,0.005,ZZZZZZZZZZ,0.007738316403323897,0.008556131751351668
10,6,1,full,amplitude_damping,0.01,ZZZZZZZZZZ,-0.007778953729319095,-0.011905120085118622
10,6,1,full,amplitude_damping,0.02,ZZZZZZZZZZ,-0.003080553096573378,-0.009436687523437794
10,6,1,full,amplitude_damping,0.05,ZZZZZZZZZZ,-0.026443133532595774,-0.026443133532595826
10,6,1,circular,depolarizing,0.001,ZZZZZZZZZZ,0.0009396204478303997,0.0028198445098879367
10,6,1,circular,depolarizing,0.005,ZZZZZZZZZZ,8.36504542208177e-05,0.018386821090099724
10,6,1,circular,depolarizing,0.01,ZZZZZZZZZZ,-1.7674032720530787e-07,-0.00940562364245653
10,6,1,circular,depolarizing,0.02,ZZZZZZZZZZ,-3.4027255839397252e-12,-0.0012114442721674976
10,6,1,circular,depolarizing,0.05,ZZZZZZZZZZ,-1.100315878445118e-06,-0.03612469274908633
10,6,1,circular,amplitude_damping,0.001,ZZZZZZZZZZ,0.006754623074081816,0.0073621864178906125
10,6,1,circular,amplitude_damping,0.005,ZZZZZZZZZZ,-0.06571044398048731,-0.06571044398048743
10,6,1,circular,amplitude_damping,0.01,ZZZZZZZZZZ,-0.0008137416499107092,-0.0018892168849872128
10,6,1,circular,amplitude_damping,0.02,ZZZZZZZZZZ,-0.027628305100647187,-0.02762830510064711
10,6,1,circular,amplitude_damping,0.05,ZZZZZZZZZZ,-7.03220722182244e-05,-0.00025615521453455157
10,8,1,linear,depolarizing,0.001,ZZZZZZZZZZ,-0.0035662130290131998,-0.0034484098889963717
10,8,1,linear,depolarizing,0.005,ZZZZZZZZZZ,-6.1717581867076635e-06,-0.025495556443195844
10,8,1,linear,depolarizing,0.01,ZZZZZZZZZZ,-6.420733091036697e-05,-0.0034293261750105095
10,8,1,linear,depolarizing,0.02,ZZZZZZZZZZ,6.129257658980423e-06,-0.008547631557303188
10,8,1,linear,depolarizing,0.05,ZZZZZZZZZZ,-9.221843555711623e-10,-0.014681499747757093
10,8,1,linear,amplitude_damping,0.001,ZZZZZZZZZZ,0.04492952120589274,0.047079420351471196
10,8,1,linear,amplitude_damping,0.005,ZZZZZZZZZZ,-0.007465671846404324,-0.007465671846404309
10,8,1,linear,amplitude_damping,0.01,ZZZZZZZZZZ,0.05330719199771729,0.053307191997717315
10,8,1,linear,amplitude_damping,0.02,ZZZZZZZZZZ,-0.01064328500956804,-0.018059663706640576
10,8,1,linear,amplitude_damping,0.05,ZZZZZZZZZZ,0.0004586739519887116,0.002586755264014886
10,8,1,full,depolarizing,0.001,ZZZZZZZZZZ,0.0006927067510248536,-0.023538519742009024
10,8,1,full,depolarizing,0.005,ZZZZZZZZZZ,-3.6632882660235684e-07,-0.008313025992264456
10,8,1,full,depolarizing,0.01,ZZZZZZZZZZ,0.00021882731993794376,0.0061558030160950225
10,8,1,full,depolarizing,0.02,ZZZZZZZZZZ,-8.437701579377954e-06,-0.025434419894917137
10,8,1,full,depolarizing,0.05,ZZZZZZZZZZ,-4.336808689942018e-19,0.008123824417016203
10,8,1,full,amplitude_damping,0.001,ZZZZZZZZZZ,-0.008882143038608709,-0.00888214303860866
10,8,1,full,amplitude_damping,0.005,ZZZZZZZZZZ,-0.0026623882606227247,-0.002662388260622801
10,8,1,full,amplitude_damping,0.01,ZZZZZZZZZZ,-0.026826439769073996,-0.026826439769073906
10,8,1,full,amplitude_damping,0.02,ZZZZZZZZZZ,0.005966518948468182,0.005966518948468145
10,8,1,full,amplitude_damping,0.05,ZZZZZZZZZZ,-4.811339547240116e-06,0.0035141515850878385
10,8,1,circular,depolarizing,0.001,ZZZZZZZZZZ,-0.0012711500094246746,-0.005093802082497482
10,8,1,circular,depolarizing,0.005,ZZZZZZZZZZ,0.006446444492716908,0.031108547454112765
10,8,1,circular,depolarizing,0.01,ZZZZZZZZZZ,-9.771203139048983e-06,0.00018537068262635065
10,8,1,circular,depolarizing,0.02,ZZZZZZZZZZ,3.281879976113622e-16,-0.004689087217742301
10,8,1,circular,depolarizing,0.05,ZZZZZZZZZZ,-4.445228907190568e-18,0.007043665424820717
10,8,1,circular,amplitude_damping,0.001,ZZZZZZZZZZ,-0.007293672606360555,-0.007905027393494784
10,8,1,circular,amplitude_damping,0.005,ZZZZZZZZZZ,-0.0010987981788756155,-0.0010987981788756194
10,8,1,circular,amplitude_damping,0.01,ZZZZZZZZZZ,-0.0013791548580491596,1.4114826611956151e-06
10,8,1,circular,amplitude_damping,0.02,ZZZZZZZZZZ,-0.05512469996947876,-0.0551246999694788
10,8,1,circular,amplitude_damping,0.05,ZZZZZZZZZZ,0.017262793989174973,0.017262793989174977
10,10,1,linear,depolarizing,0.001,ZZZZZZZZZZ,0.002992852555094514,0.004727692424519844
10,10,1,linear,depolarizing,0.005,ZZZZZZZZZZ,-7.324905733047007e-06,-0.09701427420749618
10,10,1,linear,depolarizing,0.01,ZZZZZZZZZZ,-3.684385804260393e-11,-0.0037838464078321105
10,10,1,linear,depolarizing,0.02,ZZZZZZZZZZ,-1.4755991567527715e-16,0.0020861061297232325
10,10,1,linear,depolarizing,0.05,ZZZZZZZZZZ,1.1064712666063181e-10,0.005743377630985618
10,10,1,linear,amplitude_damping,0.001,ZZZZZZZZZZ,0.01045674296490604,0.011812628891765875
10,10,1,linear,amplitude_damping,0.005,ZZZZZZZZZZ,-0.002313664798610235,-0.003240447464874568
10,10,1,linear,amplitude_damping,0.01,ZZZZZZZZZZ,0.010644203963448323,0.031129137764475755
10,10,1,linear,amplitude_damping,0.02,ZZZZZZZZZZ,0.013245489476357938,0.013245489476357897
10,10,1,linear,amplitude_damping,0.05,ZZZZZZZZZZ,0.04589446096603156,0.045894460966031586
10,10,1,full,depolarizing,0.001,ZZZZZZZZZZ,0.0004582109920977848,0.004030950896601468
10,10,1,full,depolarizing,0.005,ZZZZZZZZZZ,-0.002327632887638914,-0.03412730859046776
10,10,1,full,depolarizing,0.01,ZZZZZZZZZZ,2.809093569734744e-10,0.01627305480900389
10,10,1,full,depolarizing,0.02,ZZZZZZZZZZ,-1.5887666612434542e-08,0.0005501254507508072
10,10,1,full,depolarizing,0.05,ZZZZZZZZZZ,-4.336808689942018e-19,0.0035088234594841342
10,10,1,full,amplitude_damping,0.001,ZZZZZZZZZZ,0.008563656580272161,0.008563656580272215
10,10,1,full,amplitude_damping,0.005,ZZZZZZZZZZ,0.0034389905635832142,0.0049520985886035455
10,10,1,full,amplitude_damping,0.01,ZZZZZZZZZZ,-0.0024876477230248205,-0.005664833561275551
10,10,1,full,amplitude_damping,0.02,ZZZZZZZZZZ,0.0007873945632380407,0.007544187167666422
10,10,1,full,amplitude_damping,0.05,ZZZZZZZZZZ,0.0006155267223642329,0.10392641521567145
10,10,1,circular,depolarizing,0.001,ZZZZZZZZZZ,0.0033878169433032195,0.006841891727959786
10,10,1,circular,depolarizing,0.005,ZZZZZZZZZZ,-0.0004671712311482963,-0.0661068598791108
10,10,1,circular,depolarizing,0.01,ZZZZZZZZZZ,-7.127340304735998e-07,0.018177712155003745
10,10,1,circular,depolarizing,0.02,ZZZZZZZZZZ,-2.3201926491189795e-17,-0.007703742552212991
10,10,1,circular,depolarizing,0.05,ZZZZZZZZZZ,9.747649779359713e-11,0.0012979275423818351
10,10,1,circular,amplitude_damping,0.001,ZZZZZZZZZZ,-0.0008292376743334152,-0.0009188310479565431
10,10,1,circular,amplitude_damping,0.005,ZZZZZZZZZZ,0.01838346699306729,0.024033471037180818
10,10,1,circular,amplitude_damping,0.01,ZZZZZZZZZZ,0.007609939749461467,0.01974675305647007
10,10,1,circular,amplitude_damping,0.02,ZZZZZZZZZZ,-0.004073220557104016,-0.030188265951922737
10,10,1,circular,amplitude_damping,0.05,ZZZZZZZZZZ,0.00013648163231673647,0.017490580420417096
